"","WT1","WT2","Base","Position"
"1",0,0,"A",1
"2",0,0,"A",3
"3",0.01695,0.01784,"A",5
"4",0.00579,0.00628,"A",6
"5",0.02751,0.02514,"A",7
"6",0.0354,0.0366,"A",8
"7",0.01396,0.01372,"A",13
"8",0.03486,0.03414,"A",14
"9",0.02955,0.02805,"A",15
"10",0.01476,0.01453,"C",17
"11",0.08316,0.08094,"A",23
"12",0.01892,0.0189,"C",26
"13",0.04873,0.04707,"A",34
"14",0.01879,0.01905,"C",40
"15",0.01472,0.01442,"C",59
"16",0.02072,0.02011,"A",60
"17",0.02282,0.02219,"A",62
"18",0.03767,0.03704,"A",64
"19",0.03528,0.03547,"A",72
"20",0.04086,0.04017,"A",73
"21",0.018,0.01789,"C",77
"22",0.01027,0.01006,"C",83
"23",0.01205,0.012,"C",84
"24",0.02652,0.0267,"A",85
"25",0.03024,0.03061,"A",87
"26",0.04556,0.04546,"A",88
"27",0.04366,0.0436,"C",90
"28",0.05148,0.05079,"A",96
"29",0.00574,0.00568,"A",112
"30",0.01138,0.01124,"A",113
"31",0.00603,0.00616,"A",114
"32",0.04423,0.04394,"A",124
"33",0.01088,0.01072,"A",127
"34",0.00199,0.00165,"C",131
"35",0.02104,0.01909,"A",139
"36",0.02649,0.0233,"A",140
"37",0.02421,0.02072,"A",141
"38",0.00643,0.00557,"C",146
"39",0.00377,0.00376,"C",151
"40",0.00544,0.00498,"A",152
"41",0.00572,0.00529,"A",154
"42",0.00304,0.00282,"C",155
"43",0.00578,0.00561,"A",156
"44",0.03125,0.0307,"C",159
"45",0.01957,0.01888,"A",160
"46",0.03933,0.04099,"A",161
"47",0.02453,0.02557,"A",167
"48",0.00183,0.00186,"A",170
