"","message","mFMI_WT_KO","mFMI_WT_IVT","mFMI_KO_IVT"
"1","ND6",1,0,0
"2","ATP68",0.324372303540774,0.377123616632825,0.208514414057075
"3","COX1",0.630362398963168,0.442560028090482,0.457240717592818
"4","COX2",0.870819096882067,0.464627463405063,0.547912179306764
"5","COX3",0.614457831325301,0.363643042174132,0.26667156426103
"6","CYTB",0.669810514337237,0.175035010503501,0.192879187452615
"7","ND1",0.833196506179933,0.48883850026378,0.470302254434652
"8","ND2",0.704792186494566,0.413916361582826,0.542608532560854
"9","ND3",0.397359707119513,0.421052631578947,0.397359707119513
"10","ND4",0.552566831223064,0.436201207257235,0.623939582115621
"11","ND5",0.454163923216571,0.461935371278087,0.301301333167811
