"","KO1","KO2","Base","Position"
"1",0,0,"A",1
"2",0,0,"A",3
"3",0.01425,0.01444,"A",5
"4",0.00552,0.0053,"A",6
"5",0.02145,0.02057,"A",7
"6",0.03334,0.03397,"A",8
"7",0.01226,0.01229,"A",13
"8",0.02917,0.02926,"A",14
"9",0.02807,0.0281,"A",15
"10",0.01475,0.01452,"C",17
"11",0.07363,0.07422,"A",23
"12",0.01937,0.01921,"C",26
"13",0.03716,0.03684,"A",34
"14",0.01871,0.01896,"C",40
"15",0.01542,0.01538,"C",59
"16",0.01902,0.01943,"A",60
"17",0.01985,0.01979,"A",62
"18",0.03726,0.0345,"A",64
"19",0.03237,0.03224,"A",72
"20",0.03523,0.03496,"A",73
"21",0.01709,0.01686,"C",77
"22",0.01181,0.01166,"C",83
"23",0.01272,0.01244,"C",84
"24",0.02322,0.02244,"A",85
"25",0.02546,0.02468,"A",87
"26",0.0381,0.03898,"A",88
"27",0.04018,0.04053,"C",90
"28",0.03625,0.03692,"A",96
"29",0.00533,0.00554,"A",112
"30",0.01063,0.01088,"A",113
"31",0.00686,0.0069,"A",114
"32",0.03981,0.03969,"A",124
"33",0.01134,0.01139,"A",127
"34",0.00276,0.00286,"C",131
"35",0.01694,0.01623,"A",139
"36",0.01814,0.01802,"A",140
"37",0.01719,0.01716,"A",141
"38",0.00544,0.00551,"C",146
"39",0.00753,0.0075,"C",151
"40",0.00768,0.00752,"A",152
"41",0.00675,0.0067,"A",154
"42",0.00724,0.00708,"C",155
"43",0.00702,0.00702,"A",156
"44",0.03035,0.03099,"C",159
"45",0.01583,0.01537,"A",160
"46",0.03739,0.03687,"A",161
"47",0.02223,0.02261,"A",167
"48",0.00138,0.00134,"A",170
