"","WT_Reacts","NoCap_Reacts","Base","Position"
"1",0,0,"A",1
"2",0,0,"A",3
"3",0.01784,0.01445,"A",5
"4",0.00628,0.00655,"A",6
"5",0.02514,0.01841,"A",7
"6",0.0366,0.0316,"A",8
"7",0.01372,0.01705,"A",13
"8",0.03414,0.03305,"A",14
"9",0.02805,0.0347,"A",15
"10",0.01453,0.01877,"C",17
"11",0.08094,0.08576,"A",23
"12",0.0189,0.02218,"C",26
"13",0.04707,0.04979,"A",34
"14",0.01905,0.02996,"C",40
"15",0.01442,0.01954,"C",59
"16",0.02011,0.02741,"A",60
"17",0.02219,0.02648,"A",62
"18",0.03704,0.02559,"A",64
"19",0.03547,0.03718,"A",72
"20",0.04017,0.04339,"A",73
"21",0.01789,0.01577,"C",77
"22",0.01006,0.01178,"C",83
"23",0.012,0.01248,"C",84
"24",0.0267,0.02709,"A",85
"25",0.03061,0.02999,"A",87
"26",0.04546,0.05328,"A",88
"27",0.0436,0.04686,"C",90
"28",0.05079,0.05643,"A",96
"29",0.00568,0.0066,"A",112
"30",0.01124,0.01036,"A",113
"31",0.00616,0.00749,"A",114
"32",0.04394,0.04558,"A",124
"33",0.01072,0.01309,"A",127
"34",0.00165,0.00358,"C",131
"35",0.01909,0.02386,"A",139
"36",0.0233,0.02803,"A",140
"37",0.02072,0.03111,"A",141
"38",0.00557,0.00901,"C",146
"39",0.00376,0.0056,"C",151
"40",0.00498,0.00665,"A",152
"41",0.00529,0.00589,"A",154
"42",0.00282,0.00372,"C",155
"43",0.00561,0.00666,"A",156
"44",0.0307,0.03227,"C",159
"45",0.01888,0.019,"A",160
"46",0.04099,0.03951,"A",161
"47",0.02557,0.02845,"A",167
"48",0.00186,0.00057,"A",170
