,Position,React
1,1,0
2,2,0
3,3,0
4,4,0
5,5,0.364602493357858
6,6,0.128346617617004
7,7,0.513795217657879
8,8,0.748007357449417
9,9,0
10,10,0
11,11,0
12,12,0
13,13,0.280400572246066
14,14,0.69773145309626
15,15,0.573267933782955
16,16,0
17,17,0.29695483343552
18,18,0
19,19,0
20,20,0
21,21,0
22,22,0
23,23,1
24,24,0
25,25,0
26,26,0.386266094420601
27,27,0
28,28,0
29,29,0
30,30,0
31,31,0
32,32,0
33,33,0
34,34,0.961986511342734
35,35,0
36,36,0
37,37,0
38,38,0
39,39,0
40,40,0.389331698344574
41,41,0
42,42,0
43,43,0
44,44,0
45,45,0
46,46,0
47,47,0
48,48,0
49,49,0
50,50,0
51,51,0
52,52,0
53,53,0
54,54,0
55,55,0
56,56,0
57,57,0
58,58,0
59,59,0.294706723891273
60,60,0.410995299407317
61,61,0
62,62,0.453505007153076
63,63,0
64,64,0.756999795626405
65,65,0
66,66,0
67,67,0
68,68,0
69,69,0
70,70,0
71,71,0
72,72,0.724913141222154
73,73,0.820968730839975
74,74,0
75,75,0
76,76,0
77,77,0.365624361332516
78,78,0
79,79,0
80,80,0
81,81,0
82,82,0
83,83,0.205599836501124
84,84,0.245248313917842
85,85,0.545677498467198
86,86,0
87,87,0.625587574085428
88,88,0.929082362558757
89,89,0
90,90,0.891068873901492
91,91,0
92,92,0
93,93,0
94,94,0
95,95,0
96,96,1
97,97,0
98,98,0
99,99,0
100,100,0
101,101,0
102,102,0
103,103,0
104,104,0
105,105,0
106,106,0
107,107,0
108,108,0
109,109,0
110,110,0
111,111,0
112,112,0.116084201921112
113,113,0.229715920703045
114,114,0.125894134477825
115,115,0
116,116,0
117,117,0
118,118,0
119,119,0
120,120,0
121,121,0
122,122,0
123,123,0
124,124,0.898017576129164
125,125,0
126,126,0
127,127,0.219088493766605
128,128,0
129,129,0
130,130,0
131,131,0.0337216431637032
132,132,0
133,133,0
134,134,0
135,135,0
136,136,0
137,137,0
138,138,0
139,139,0.3901491927243
140,140,0.476190476190476
141,141,0.42346208869814
142,142,0
143,143,0
144,144,0
145,145,0
146,146,0.113836092376865
147,147,0
148,148,0
149,149,0
150,150,0
151,151,0.0768444716942571
152,152,0.101778050275904
153,153,0
154,154,0.108113631718782
155,155,0.0576333537706928
156,156,0.114653586756591
157,157,0
158,158,0
159,159,0.627426936439812
160,160,0.385857347230738
161,161,0.837727365624361
162,162,0
163,163,0
164,164,0
165,165,0
166,166,0
167,167,0.522583282239935
168,168,0
169,169,0
170,170,0.0380134886572655
171,171,0
172,172,0
